{
    "swagger": "2.0",
    "info": {
        "description": "Простой API для получения сводок страниц из Википедии.",
        "title": "Wikipedia Summary API",
        "contact": {},
        "version": "1.0"
    },
    "host": "localhost:8080",
    "basePath": "/",
    "paths": {
        "/page/{title}": {
            "get": {
                "description": "Возвращает заголовок, описание и выдержку статьи Википедии по заголовку.",
                "tags": [
                    "page"
                ],
                "summary": "Получить сводку страницы",
                "parameters": [
                    {
                        "type": "string",
                        "description": "Title of the page",
                        "name": "title",
                        "in": "path",
                        "required": true
                    }
                ],
                "responses": {
                    "200": {
                        "description": "OK",
                        "schema": {
                            "$ref": "#/definitions/main.PageSummary"
                        }
                    },
                    "404": {
                        "description": "Not Found",
                        "schema": {
                            "$ref": "#/definitions/main.ErrorResponse"
                        }
                    }
                }
            }
        },
        "/pages": {
            "post": {
                "description": "Принимает JSON с titles и возвращает массив PageSummary.",
                "consumes": [
                    "application/json"
                ],
                "produces": [
                    "application/json"
                ],
                "tags": [
                    "pages"
                ],
                "summary": "Информация по нескольким страницам",
                "parameters": [
                    {
                        "description": "SearchRequest",
                        "name": "request",
                        "in": "body",
                        "required": true,
                        "schema": {
                            "$ref": "#/definitions/main.SearchRequest"
                        }
                    }
                ],
                "responses": {
                    "200": {
                        "description": "OK",
                        "schema": {
                            "type": "object",
                            "additionalProperties": true
                        }
                    },
                    "400": {
                        "description": "Bad Request",
                        "schema": {
                            "$ref": "#/definitions/main.ErrorResponse"
                        }
                    }
                }
            }
        },
        "/search": {
            "get": {
                "description": "Ищет список заголовков по запросу.",
                "tags": [
                    "search"
                ],
                "summary": "Поиск страниц",
                "parameters": [
                    {
                        "type": "string",
                        "description": "Search query",
                        "name": "q",
                        "in": "query",
                        "required": true
                    },
                    {
                        "type": "integer",
                        "default": 5,
                        "description": "Max number of results",
                        "name": "limit",
                        "in": "query"
                    }
                ],
                "responses": {
                    "200": {
                        "description": "OK",
                        "schema": {
                            "type": "array",
                            "items": {
                                "type": "string"
                            }
                        }
                    },
                    "400": {
                        "description": "Bad Request",
                        "schema": {
                            "$ref": "#/definitions/main.ErrorResponse"
                        }
                    }
                }
            }
        }
    },
    "definitions": {
        "main.ErrorResponse": {
            "type": "object",
            "properties": {
                "error": {
                    "type": "string"
                }
            }
        },
        "main.PageSummary": {
            "type": "object",
            "properties": {
                "description": {
                    "type": "string"
                },
                "extract": {
                    "type": "string"
                },
                "title": {
                    "type": "string"
                }
            }
        },
        "main.SearchRequest": {
            "type": "object",
            "required": [
                "query"
            ],
            "properties": {
                "limit": {
                    "type": "integer"
                },
                "query": {
                    "type": "string"
                },
                "titles": {
                    "type": "array",
                    "items": {
                        "type": "string"
                    }
                }
            }
        }
    }
}